{"cameraMode":{"drawMode":0,"name":"Shaded","section":"Shading Mode"},"sceneLighting":false,"audioPlay":false,"sceneViewState":{"showFog":true,"showMaterialUpdate":false,"showSkybox":true,"showFlares":true,"showImageEffects":true,"showParticleSystems":true},"in2DMode":false,"pivot":{"x":170.0176239013672,"y":60.88525390625,"z":290.08599853515627},"rotation":{"x":-0.04197733849287033,"y":0.021877778694033624,"z":-0.0009193047299049795,"w":-0.9988785982131958},"size":22.0,"orthographic":false}