{"cameraMode":{"drawMode":0,"name":"Shaded","section":"Shading Mode"},"sceneLighting":false,"audioPlay":false,"sceneViewState":{"showFog":true,"showMaterialUpdate":false,"showSkybox":true,"showFlares":true,"showImageEffects":true,"showParticleSystems":true},"in2DMode":false,"pivot":{"x":-0.0013819634914398194,"y":0.0,"z":-0.017745032906532289},"rotation":{"x":-0.10770178586244583,"y":0.040252964943647388,"z":-0.004364321939647198,"w":-0.9933584928512573},"size":1.8134739398956299,"orthographic":false}