{"cameraMode":{"drawMode":0,"name":"Shaded","section":"Shading Mode"},"sceneLighting":false,"audioPlay":false,"sceneViewState":{"showFog":true,"showMaterialUpdate":false,"showSkybox":true,"showFlares":true,"showImageEffects":true,"showParticleSystems":true},"in2DMode":false,"pivot":{"x":-0.22189286351203919,"y":0.059740543365478519,"z":0.0},"rotation":{"x":0.12563928961753846,"y":0.0208322461694479,"z":-0.0026386932004243137,"w":0.9918537735939026},"size":2.4324986934661867,"orthographic":false}